{
  "kp": 31.048333333333332,
  "kd": 2.3387499999999997,
  "score": 0.050007132976743834,
  "objective": "rmse_theta"
}