{
  "pd": {
    "rmse_theta": [
      0.043237857195798944,
      0.020865196930151066
    ],
    "mean_abs_tau": [
      0.1365050160800442,
      0.02140601946908123
    ],
    "tau_smoothness": [
      0.021106069610617333,
      0.008085480124848072
    ]
  },
  "ppo": {
    "rmse_theta": [
      0.0848590104182499,
      0.04019833309284928
    ],
    "mean_abs_tau": [
      0.09259452245756983,
      0.005657021463749647
    ],
    "tau_smoothness": [
      0.004144289270483882,
      0.0019217465165359598
    ]
  }
}